{
  "logistic_regression": {
    "accuracy": 0.904363974001857,
    "precision": 0.897378123719787,
    "recall": 0.8922606924643585,
    "f1": 0.894812091503268,
    "roc_auc": 0.9741018886023509,
    "train_seconds": 1.4958497999468818,
    "confusion_matrix": [
      [
        5359,
        501
      ],
      [
        529,
        4381
      ]
    ]
  },
  "linear_svm": {
    "accuracy": 0.9064066852367688,
    "precision": 0.9083298451234826,
    "recall": 0.8839103869653768,
    "f1": 0.8959537572254336,
    "roc_auc": 0.9746116791669853,
    "train_seconds": 2.61822259996552,
    "confusion_matrix": [
      [
        5422,
        438
      ],
      [
        570,
        4340
      ]
    ]
  },
  "naive_bayes": {
    "accuracy": 0.8570102135561746,
    "precision": 0.8309112333071484,
    "recall": 0.8617107942973523,
    "f1": 0.8460307938412317,
    "roc_auc": 0.9422454348929189,
    "train_seconds": 0.024251500028185546,
    "confusion_matrix": [
      [
        4999,
        861
      ],
      [
        679,
        4231
      ]
    ]
  },
  "passive_aggressive": {
    "accuracy": 0.8953574744661096,
    "precision": 0.900656640542258,
    "recall": 0.8659877800407332,
    "f1": 0.8829820371716333,
    "roc_auc": 0.9674372493274852,
    "train_seconds": 1.3734835999784991,
    "confusion_matrix": [
      [
        5391,
        469
      ],
      [
        658,
        4252
      ]
    ]
  }
}