{
  "logistic_regression": {
    "accuracy": 0.9235668789808917,
    "precision": 0.9152276295133438,
    "recall": 0.9328,
    "f1": 0.9239302694136292,
    "roc_auc": 0.9772450079239302,
    "train_seconds": 0.1659208000637591,
    "confusion_matrix": [
      [
        577,
        54
      ],
      [
        42,
        583
      ]
    ]
  },
  "linear_svm": {
    "accuracy": 0.9371019108280255,
    "precision": 0.9389067524115756,
    "recall": 0.9344,
    "f1": 0.9366479550922213,
    "roc_auc": 0.9840177496038036,
    "train_seconds": 0.5085208000382408,
    "confusion_matrix": [
      [
        593,
        38
      ],
      [
        41,
        584
      ]
    ]
  },
  "naive_bayes": {
    "accuracy": 0.9060509554140127,
    "precision": 0.9004739336492891,
    "recall": 0.912,
    "f1": 0.9062003179650239,
    "roc_auc": 0.9669324881141046,
    "train_seconds": 0.005567800020799041,
    "confusion_matrix": [
      [
        568,
        63
      ],
      [
        55,
        570
      ]
    ]
  },
  "passive_aggressive": {
    "accuracy": 0.9426751592356688,
    "precision": 0.9452495974235104,
    "recall": 0.9392,
    "f1": 0.942215088282504,
    "roc_auc": 0.9848063391442156,
    "train_seconds": 0.10902139998506755,
    "confusion_matrix": [
      [
        597,
        34
      ],
      [
        38,
        587
      ]
    ]
  }
}